path,class,subclass
/ALL_IMG_DATA/gurudeb_front/gurudeb_005.jpeg,gurudeb,front
/ALL_IMG_DATA/gurudeb_front/gurudeb_004.jpeg,gurudeb,front
/ALL_IMG_DATA/gurudeb_front/frame_0210.jpg,gurudeb,front
/ALL_IMG_DATA/gurudeb_front/gurudeb_002.jpeg,gurudeb,front
/ALL_IMG_DATA/gurudeb_front/gurufront_00040.jpeg,gurudeb,front
/ALL_IMG_DATA/gurudeb_front/gurufront_00034.jpeg,gurudeb,front
/ALL_IMG_DATA/gurudeb_front/gurufront_00038.jpeg,gurudeb,front
/ALL_IMG_DATA/gurudeb_front/gurufront_00042.jpeg,gurudeb,front
/ALL_IMG_DATA/gurudeb_front/gurufront_00031.jpeg,gurudeb,front
/ALL_IMG_DATA/gurudeb_front/gurufront_00033.jpeg,gurudeb,front
/ALL_IMG_DATA/gurudeb_front/gurufront_00037.jpeg,gurudeb,front
/ALL_IMG_DATA/gurudeb_front/gurufront_00039.jpeg,gurudeb,front
/ALL_IMG_DATA/gurudeb_front/gurufront_00029.jpeg,gurudeb,front
/ALL_IMG_DATA/gurudeb_front/gurufront_00026.jpeg,gurudeb,front
/ALL_IMG_DATA/gurudeb_front/gurufront_00032.jpeg,gurudeb,front
/ALL_IMG_DATA/gurudeb_front/gurufront_00030.jpeg,gurudeb,front
/ALL_IMG_DATA/gurudeb_front/gurufront_00036.jpeg,gurudeb,front
/ALL_IMG_DATA/gurudeb_front/gurufront_00035.jpeg,gurudeb,front
/ALL_IMG_DATA/gurudeb_front/gurufront_00010.jpeg,gurudeb,front
/ALL_IMG_DATA/gurudeb_front/gurufront_00017.jpeg,gurudeb,front
/ALL_IMG_DATA/gurudeb_front/gurufront_00022.jpeg,gurudeb,front
/ALL_IMG_DATA/gurudeb_front/gurufront_00021.jpeg,gurudeb,front
/ALL_IMG_DATA/gurudeb_front/gurufront_00023.jpeg,gurudeb,front
/ALL_IMG_DATA/gurudeb_front/gurufront_00025.jpeg,gurudeb,front
/ALL_IMG_DATA/gurudeb_front/gurufront_00012.jpeg,gurudeb,front
/ALL_IMG_DATA/gurudeb_front/gurufront_00019.jpeg,gurudeb,front
/ALL_IMG_DATA/gurudeb_front/gurufront_00014.jpeg,gurudeb,front
/ALL_IMG_DATA/gurudeb_front/gurufront_00016.jpeg,gurudeb,front
/ALL_IMG_DATA/gurudeb_front/gurufront_00015.jpeg,gurudeb,front
/ALL_IMG_DATA/gurudeb_front/gurufront_00011.jpeg,gurudeb,front
/ALL_IMG_DATA/gurudeb_front/gurufront_00020.jpeg,gurudeb,front
/ALL_IMG_DATA/gurudeb_front/gurufront_00018.jpeg,gurudeb,front
/ALL_IMG_DATA/gurudeb_front/gurufront_00024.jpeg,gurudeb,front
/ALL_IMG_DATA/gurudeb_front/gurufront_0009.jpeg,gurudeb,front
/ALL_IMG_DATA/gurudeb_front/gurufront_0008.jpeg,gurudeb,front
/ALL_IMG_DATA/gurudeb_front/gurufront_0005.jpeg,gurudeb,front
/ALL_IMG_DATA/gurudeb_front/gurufront_0007.jpeg,gurudeb,front
/ALL_IMG_DATA/gurudeb_front/guru_front_0003.jpg,gurudeb,front
/ALL_IMG_DATA/gurudeb_front/guru_front_0002.jpg,gurudeb,front
/ALL_IMG_DATA/gurudeb_front/guru_front_0001.jpg,gurudeb,front
/ALL_IMG_DATA/gurudeb_front/gurufront_00013.jpeg,gurudeb,front
/ALL_IMG_DATA/heritage_front/heri_front_00015.jpg,heritage,front
/ALL_IMG_DATA/heritage_front/heri_front_00030.jpg,heritage,front
/ALL_IMG_DATA/heritage_front/heri_front_00025.jpg,heritage,front
/ALL_IMG_DATA/heritage_front/heri_front_00031.jpg,heritage,front
/ALL_IMG_DATA/heritage_front/heri_front_00016.jpg,heritage,front
/ALL_IMG_DATA/heritage_front/heri_front_00033.jpeg,heritage,front
/ALL_IMG_DATA/heritage_front/heri_front_00032.jpg,heritage,front
/ALL_IMG_DATA/heritage_front/heri_front_00017.jpg,heritage,front
/ALL_IMG_DATA/heritage_front/heri_front_00018.jpg,heritage,front
/ALL_IMG_DATA/heritage_front/heri_front_00020.jpg,heritage,front
/ALL_IMG_DATA/heritage_front/heri_front_00019.jpg,heritage,front
/ALL_IMG_DATA/heritage_front/heri_front_00024.jpg,heritage,front
/ALL_IMG_DATA/heritage_front/heri_front_00023.jpg,heritage,front
/ALL_IMG_DATA/heritage_front/heri_front_00022.jpg,heritage,front
/ALL_IMG_DATA/heritage_front/heri_front_00028.jpg,heritage,front
/ALL_IMG_DATA/heritage_front/heri_front_00027.jpg,heritage,front
/ALL_IMG_DATA/heritage_front/heri_front_00021.jpeg,heritage,front
/ALL_IMG_DATA/heritage_front/heri_front_00026.jpeg,heritage,front
/ALL_IMG_DATA/heritage_front/heri_front_00014.jpg,heritage,front
/ALL_IMG_DATA/heritage_front/heri_front_00013.jpg,heritage,front
/ALL_IMG_DATA/heritage_front/heri_front_00012.jpg,heritage,front
/ALL_IMG_DATA/heritage_front/heri_front_00011.jpg,heritage,front
/ALL_IMG_DATA/heritage_front/heri_front_00010.jpeg,heritage,front
/ALL_IMG_DATA/heritage_front/heri_front_0009.jpg,heritage,front
/ALL_IMG_DATA/heritage_front/heri_front_0008.jpeg,heritage,front
/ALL_IMG_DATA/heritage_front/heri_front_0007.webp,heritage,front
/ALL_IMG_DATA/heritage_front/heri_front_0006.jpeg,heritage,front
/ALL_IMG_DATA/heritage_front/heri_front_0005.jpeg,heritage,front
/ALL_IMG_DATA/heritage_front/heri_front_0003.jpeg,heritage,front
/ALL_IMG_DATA/heritage_front/heri_front_0002.jpg,heritage,front
/ALL_IMG_DATA/heritage_front/heri_front_0001.jpeg,heritage,front
/ALL_IMG_DATA/gurudeb_right/gururight_00020.jpeg,gurudeb,right
/ALL_IMG_DATA/gurudeb_right/gururight_00019.jpeg,gurudeb,right
/ALL_IMG_DATA/gurudeb_right/gururight_00017.jpeg,gurudeb,right
/ALL_IMG_DATA/gurudeb_right/gururight_00016.jpeg,gurudeb,right
/ALL_IMG_DATA/gurudeb_right/gururight_00018.jpeg,gurudeb,right
/ALL_IMG_DATA/gurudeb_right/gururight_00024.jpeg,gurudeb,right
/ALL_IMG_DATA/gurudeb_right/gururight_00023.jpeg,gurudeb,right
/ALL_IMG_DATA/gurudeb_right/gururight_00025.jpeg,gurudeb,right
/ALL_IMG_DATA/gurudeb_right/gururight_00029.jpeg,gurudeb,right
/ALL_IMG_DATA/gurudeb_right/gururight_00027.jpeg,gurudeb,right
/ALL_IMG_DATA/gurudeb_right/gururight_00030.jpeg,gurudeb,right
/ALL_IMG_DATA/gurudeb_right/gururight_00028.jpeg,gurudeb,right
/ALL_IMG_DATA/gurudeb_right/gururight_00021.jpeg,gurudeb,right
/ALL_IMG_DATA/gurudeb_right/gururight_00022.jpeg,gurudeb,right
/ALL_IMG_DATA/gurudeb_right/gururight_00026.jpeg,gurudeb,right
/ALL_IMG_DATA/gurudeb_right/gururight_0003.jpeg,gurudeb,right
/ALL_IMG_DATA/gurudeb_right/gururight_0007.jpeg,gurudeb,right
/ALL_IMG_DATA/gurudeb_right/gururight_00011.jpeg,gurudeb,right
/ALL_IMG_DATA/gurudeb_right/gururight_00010.jpeg,gurudeb,right
/ALL_IMG_DATA/gurudeb_right/gururight_0009.jpeg,gurudeb,right
/ALL_IMG_DATA/gurudeb_right/gururight_0001.jpeg,gurudeb,right
/ALL_IMG_DATA/gurudeb_right/gururight_0005.jpeg,gurudeb,right
/ALL_IMG_DATA/gurudeb_right/gururight_0008.jpeg,gurudeb,right
/ALL_IMG_DATA/gurudeb_right/gururight_0006.jpeg,gurudeb,right
/ALL_IMG_DATA/gurudeb_right/gururight_0004.jpeg,gurudeb,right
/ALL_IMG_DATA/gurudeb_right/gururight_00012.jpeg,gurudeb,right
/ALL_IMG_DATA/gurudeb_right/gururight_00014.jpeg,gurudeb,right
/ALL_IMG_DATA/gurudeb_right/gururight_00013.jpeg,gurudeb,right
/ALL_IMG_DATA/gurudeb_right/gururight_0002.jpeg,gurudeb,right
/ALL_IMG_DATA/gurudeb_right/gururight_00015.jpeg,gurudeb,right
/ALL_IMG_DATA/gurudeb_left/guruleft_00014.jpeg,gurudeb,left
/ALL_IMG_DATA/gurudeb_left/guruleft_00013.jpeg,gurudeb,left
/ALL_IMG_DATA/gurudeb_left/guruleft_00015.jpeg,gurudeb,left
/ALL_IMG_DATA/gurudeb_left/guruleft_00017.jpeg,gurudeb,left
/ALL_IMG_DATA/gurudeb_left/guruleft_00018.jpeg,gurudeb,left
/ALL_IMG_DATA/gurudeb_left/guruleft_00016.jpeg,gurudeb,left
/ALL_IMG_DATA/gurudeb_left/guruleft_00023.jpeg,gurudeb,left
/ALL_IMG_DATA/gurudeb_left/guruleft_00019.jpeg,gurudeb,left
/ALL_IMG_DATA/gurudeb_left/guruleft_00026.jpeg,gurudeb,left
/ALL_IMG_DATA/gurudeb_left/guruleft_00027.jpeg,gurudeb,left
/ALL_IMG_DATA/gurudeb_left/guruleft_00024.jpeg,gurudeb,left
/ALL_IMG_DATA/gurudeb_left/guruleft_00020.jpeg,gurudeb,left
/ALL_IMG_DATA/gurudeb_left/guruleft_00025.jpeg,gurudeb,left
/ALL_IMG_DATA/gurudeb_left/guruleft_00021.jpeg,gurudeb,left
/ALL_IMG_DATA/gurudeb_left/guruleft_00022.jpeg,gurudeb,left
/ALL_IMG_DATA/gurudeb_left/guruleft_00011.jpeg,gurudeb,left
/ALL_IMG_DATA/gurudeb_left/guruleft_0008.jpeg,gurudeb,left
/ALL_IMG_DATA/gurudeb_left/guruleft_0003.jpeg,gurudeb,left
/ALL_IMG_DATA/gurudeb_left/guruleft_00012.jpeg,gurudeb,left
/ALL_IMG_DATA/gurudeb_left/guruleft_0001.jpeg,gurudeb,left
/ALL_IMG_DATA/gurudeb_left/guruleft_0002.jpeg,gurudeb,left
/ALL_IMG_DATA/gurudeb_left/guruleft_0006.jpeg,gurudeb,left
/ALL_IMG_DATA/gurudeb_left/guruleft_0004.jpeg,gurudeb,left
/ALL_IMG_DATA/gurudeb_left/guruleft_0009.jpeg,gurudeb,left
/ALL_IMG_DATA/gurudeb_left/guruleft_00010.jpeg,gurudeb,left
/ALL_IMG_DATA/gurudeb_left/guruleft_0005.jpeg,gurudeb,left
/ALL_IMG_DATA/gurudeb_left/guruleft_0007.jpeg,gurudeb,left
/ALL_IMG_DATA/admin_front/adm_main_00023.jpg,admin,front
/ALL_IMG_DATA/admin_front/adm_main_00027.jpg,admin,front
/ALL_IMG_DATA/admin_front/adm_main_00020.jpg,admin,front
/ALL_IMG_DATA/admin_front/adm_main_00029.jpg,admin,front
/ALL_IMG_DATA/admin_front/adm_main_00032.jpg,admin,front
/ALL_IMG_DATA/admin_front/adm_main_00030.jpg,admin,front
/ALL_IMG_DATA/admin_front/adm_main_00021.jpg,admin,front
/ALL_IMG_DATA/admin_front/adm_main_00017.jpg,admin,front
/ALL_IMG_DATA/admin_front/adm_main_00018.jpg,admin,front
/ALL_IMG_DATA/admin_front/adm_main_00015.jpeg,admin,front
/ALL_IMG_DATA/admin_front/adm_main_00019.jpg,admin,front
/ALL_IMG_DATA/admin_front/adm_main_00026.jpg,admin,front
/ALL_IMG_DATA/admin_front/adm_main_00031.jpg,admin,front
/ALL_IMG_DATA/admin_front/adm_main_00028.jpg,admin,front
/ALL_IMG_DATA/admin_front/adm_main_00025.jpg,admin,front
/ALL_IMG_DATA/admin_front/adm_main_00014.jpg,admin,front
/ALL_IMG_DATA/admin_front/adm_main_00016.jpg,admin,front
/ALL_IMG_DATA/admin_front/adm_main_00012.jpg,admin,front
/ALL_IMG_DATA/admin_front/adm_main_00034.jpg,admin,front
/ALL_IMG_DATA/admin_front/adm_main_00033.jpg,admin,front
/ALL_IMG_DATA/admin_front/adm_main_00024.jpg,admin,front
/ALL_IMG_DATA/admin_front/adm_main_00013.jpg,admin,front
/ALL_IMG_DATA/admin_front/adm_main_00011.jpg,admin,front
/ALL_IMG_DATA/admin_front/adm_main_00022.jpg,admin,front
/ALL_IMG_DATA/admin_front/adm_main_00010.jpg,admin,front
/ALL_IMG_DATA/admin_front/adm_main_0009.jpg,admin,front
/ALL_IMG_DATA/admin_front/adm_main_0008.jpeg,admin,front
/ALL_IMG_DATA/admin_front/adm_main_0007.jpeg,admin,front
/ALL_IMG_DATA/admin_front/adm_main_0005.jpg,admin,front
/ALL_IMG_DATA/admin_front/adm_main_0004.jpg,admin,front
/ALL_IMG_DATA/admin_front/adm_main_0003.jpg,admin,front
/ALL_IMG_DATA/admin_front/adm_main_0006.jpg,admin,front
/ALL_IMG_DATA/admin_front/adm_main_0002.jpeg,admin,front
/ALL_IMG_DATA/admin_front/adm_main_0001.jpeg,admin,front
/ALL_IMG_DATA/admin_left/adm_out_00024.jpeg,admin,left
/ALL_IMG_DATA/admin_left/adm_out_00017.jpg,admin,left
/ALL_IMG_DATA/admin_left/adm_out_00026.jpeg,admin,left
/ALL_IMG_DATA/admin_left/adm_out_00016.jpg,admin,left
/ALL_IMG_DATA/admin_left/adm_out_00015.jpg,admin,left
/ALL_IMG_DATA/admin_left/adm_out_00018.jpg,admin,left
/ALL_IMG_DATA/admin_left/adm_out_00014.jpg,admin,left
/ALL_IMG_DATA/admin_left/adm_out_00027.jpg,admin,left
/ALL_IMG_DATA/admin_left/adm_out_00025.jpeg,admin,left
/ALL_IMG_DATA/admin_left/adm_out_00023.jpeg,admin,left
/ALL_IMG_DATA/admin_left/adm_out_00021.jpeg,admin,left
/ALL_IMG_DATA/admin_left/adm_out_00022.jpeg,admin,left
/ALL_IMG_DATA/admin_left/adm_out_00020.jpeg,admin,left
/ALL_IMG_DATA/admin_left/adm_out_00019.jpg,admin,left
/ALL_IMG_DATA/admin_left/adm_out_00013.jpg,admin,left
/ALL_IMG_DATA/admin_left/adm_out_00012.jpg,admin,left
/ALL_IMG_DATA/admin_left/adm_out_00011.jpg,admin,left
/ALL_IMG_DATA/admin_left/adm_out_00010.jpeg,admin,left
/ALL_IMG_DATA/admin_left/adm_out_0009.jpeg,admin,left
/ALL_IMG_DATA/admin_left/adm_out_0008.jpeg,admin,left
/ALL_IMG_DATA/admin_left/adm_out_0007.webp,admin,left
/ALL_IMG_DATA/admin_left/adm_out_0006.webp,admin,left
/ALL_IMG_DATA/admin_left/adm_out_0005.jpeg,admin,left
/ALL_IMG_DATA/admin_left/adm_out_0004.jpg,admin,left
/ALL_IMG_DATA/admin_left/adm_out_0003.jpg,admin,left
/ALL_IMG_DATA/admin_left/adm_out_0002.jpg,admin,left
/ALL_IMG_DATA/admin_left/adm_out_0001.jpeg,admin,left
/ALL_IMG_DATA/admin_right/frame_0104.jpg,admin,right
/ALL_IMG_DATA/admin_right/frame_0097.jpg,admin,right
/ALL_IMG_DATA/admin_right/frame_0102.jpg,admin,right
/ALL_IMG_DATA/admin_right/frame_0285.jpg,admin,right
/ALL_IMG_DATA/admin_right/frame_0275.jpg,admin,right
/ALL_IMG_DATA/admin_right/frame_0077.jpg,admin,right
/ALL_IMG_DATA/admin_right/frame_0192.jpg,admin,right
/ALL_IMG_DATA/admin_right/frame_0235.jpg,admin,right
/ALL_IMG_DATA/admin_right/frame_0132.jpg,admin,right
/ALL_IMG_DATA/admin_right/frame_0027.jpg,admin,right
/ALL_IMG_DATA/admin_right/frame_0270.jpg,admin,right
/ALL_IMG_DATA/admin_right/frame_0280.jpg,admin,right
/ALL_IMG_DATA/admin_right/frame_0137.jpg,admin,right
/ALL_IMG_DATA/admin_right/frame_0112.jpg,admin,right
/ALL_IMG_DATA/admin_right/frame_0260.jpg,admin,right
/ALL_IMG_DATA/admin_right/frame_0012.jpg,admin,right
/ALL_IMG_DATA/admin_right/frame_0142.jpg,admin,right
/ALL_IMG_DATA/admin_right/frame_0082.jpg,admin,right
/ALL_IMG_DATA/admin_right/frame_0083.jpg,admin,right
/ALL_IMG_DATA/admin_right/frame_0017.jpg,admin,right
/ALL_IMG_DATA/admin_right/frame_0067.jpg,admin,right
/ALL_IMG_DATA/admin_right/frame_0250.jpg,admin,right
/ALL_IMG_DATA/admin_right/frame_0107.jpg,admin,right
/ALL_IMG_DATA/admin_right/frame_0007.jpg,admin,right
/ALL_IMG_DATA/admin_right/frame_0092.jpg,admin,right
/ALL_IMG_DATA/admin_right/frame_0052.jpg,admin,right
/ALL_IMG_DATA/admin_right/frame_0087.jpg,admin,right
/ALL_IMG_DATA/admin_right/frame_0072.jpg,admin,right
/ALL_IMG_DATA/admin_right/frame_0255.jpg,admin,right
/ALL_IMG_DATA/admin_right/frame_0265.jpg,admin,right
/ALL_IMG_DATA/admin_right/admin_00012.jpg,admin,right
/ALL_IMG_DATA/admin_right/frame_0022.jpg,admin,right
/ALL_IMG_DATA/heritage_left/heri_side_00023.jpg,heritage,left
/ALL_IMG_DATA/heritage_left/heri_side_00031.jpg,heritage,left
/ALL_IMG_DATA/heritage_left/heri_side_00015.jpg,heritage,left
/ALL_IMG_DATA/heritage_left/heri_side_00011.jpg,heritage,left
/ALL_IMG_DATA/heritage_left/heri_side_00020.jpg,heritage,left
/ALL_IMG_DATA/heritage_left/heri_side_00029.jpg,heritage,left
/ALL_IMG_DATA/heritage_left/heri_side_00016.jpg,heritage,left
/ALL_IMG_DATA/heritage_left/heri_side_00021.jpg,heritage,left
/ALL_IMG_DATA/heritage_left/heri_side_00014.jpg,heritage,left
/ALL_IMG_DATA/heritage_left/heri_side_00025.jpg,heritage,left
/ALL_IMG_DATA/heritage_left/heri_side_00019.jpg,heritage,left
/ALL_IMG_DATA/heritage_left/heri_side_00017.jpg,heritage,left
/ALL_IMG_DATA/heritage_left/heri_side_00022.jpg,heritage,left
/ALL_IMG_DATA/heritage_left/heri_side_00018.jpg,heritage,left
/ALL_IMG_DATA/heritage_left/heri_side_0008.jpg,heritage,left
/ALL_IMG_DATA/heritage_left/heri_side_00013.jpg,heritage,left
/ALL_IMG_DATA/heritage_left/heri_side_00030.jpg,heritage,left
/ALL_IMG_DATA/heritage_left/heri_side_0006.jpg,heritage,left
/ALL_IMG_DATA/heritage_left/heri_side_00028.jpg,heritage,left
/ALL_IMG_DATA/heritage_left/heri_side_00024.jpg,heritage,left
/ALL_IMG_DATA/heritage_left/heri_side_0009.jpg,heritage,left
/ALL_IMG_DATA/heritage_left/heri_side_00012.jpg,heritage,left
/ALL_IMG_DATA/heritage_left/heri_side_00010.jpg,heritage,left
/ALL_IMG_DATA/heritage_left/heri_side_0007.jpg,heritage,left
/ALL_IMG_DATA/heritage_left/heri_side_00032.jpg,heritage,left
/ALL_IMG_DATA/heritage_left/heri_side_00027.jpg,heritage,left
/ALL_IMG_DATA/heritage_left/heri_side_00026.jpg,heritage,left
/ALL_IMG_DATA/heritage_left/heri_side_0005.jpg,heritage,left
/ALL_IMG_DATA/heritage_left/heri_side_0004.jpeg,heritage,left
/ALL_IMG_DATA/heritage_left/heri_side_0003.jpg,heritage,left
/ALL_IMG_DATA/heritage_left/heri_side_0002.jpg,heritage,left
/ALL_IMG_DATA/heritage_left/heri_side_0001.jpg,heritage,left
/ALL_IMG_DATA/chemistry_front/chem_fr_00040.jpeg,chemistry,front
/ALL_IMG_DATA/chemistry_front/chem_fr_00038.jpeg,chemistry,front
/ALL_IMG_DATA/chemistry_front/chem_fr_00037.jpeg,chemistry,front
/ALL_IMG_DATA/chemistry_front/chem_fr_00036.jpeg,chemistry,front
/ALL_IMG_DATA/chemistry_front/chem_fr_00031.jpeg,chemistry,front
/ALL_IMG_DATA/chemistry_front/chem_fr_00033.jpeg,chemistry,front
/ALL_IMG_DATA/chemistry_front/chem_fr_00032.jpeg,chemistry,front
/ALL_IMG_DATA/chemistry_front/chem_fr_00039.jpeg,chemistry,front
/ALL_IMG_DATA/chemistry_front/chem_fr_00034.jpeg,chemistry,front
/ALL_IMG_DATA/chemistry_front/chem_fr_00035.jpeg,chemistry,front
/ALL_IMG_DATA/chemistry_front/chem_fr_00020.jpeg,chemistry,front
/ALL_IMG_DATA/chemistry_front/chem_fr_00029.jpeg,chemistry,front
/ALL_IMG_DATA/chemistry_front/chem_fr_00022.jpeg,chemistry,front
/ALL_IMG_DATA/chemistry_front/chem_fr_00027.jpeg,chemistry,front
/ALL_IMG_DATA/chemistry_front/chem_fr_00014.jpeg,chemistry,front
/ALL_IMG_DATA/chemistry_front/chem_fr_00028.jpeg,chemistry,front
/ALL_IMG_DATA/chemistry_front/chem_fr_00021.jpeg,chemistry,front
/ALL_IMG_DATA/chemistry_front/chem_fr_00023.jpeg,chemistry,front
/ALL_IMG_DATA/chemistry_front/chem_fr_00018.jpeg,chemistry,front
/ALL_IMG_DATA/chemistry_front/chem_fr_00025.jpeg,chemistry,front
/ALL_IMG_DATA/chemistry_front/chem_fr_00024.jpeg,chemistry,front
/ALL_IMG_DATA/chemistry_front/chem_fr_00017.jpeg,chemistry,front
/ALL_IMG_DATA/chemistry_front/chem_fr_00019.jpeg,chemistry,front
/ALL_IMG_DATA/chemistry_front/chem_fr_00015.jpeg,chemistry,front
/ALL_IMG_DATA/chemistry_front/chem_fr_00016.jpeg,chemistry,front
/ALL_IMG_DATA/chemistry_front/chem_fr_00030.jpeg,chemistry,front
/ALL_IMG_DATA/chemistry_front/chem_fr_00026.jpeg,chemistry,front
/ALL_IMG_DATA/chemistry_front/chem_fr_00013.jpeg,chemistry,front
/ALL_IMG_DATA/chemistry_front/chem_fr_0009.jpeg,chemistry,front
/ALL_IMG_DATA/chemistry_front/chem_fr_0008.jpeg,chemistry,front
/ALL_IMG_DATA/chemistry_front/chem_fr_00010.jpeg,chemistry,front
/ALL_IMG_DATA/chemistry_front/chem_fr_00012.jpeg,chemistry,front
/ALL_IMG_DATA/chemistry_front/chem_fr_00011.jpeg,chemistry,front
/ALL_IMG_DATA/chemistry_front/chem_fr_0007.jpeg,chemistry,front
/ALL_IMG_DATA/chemistry_front/chem_fr_0006.jpeg,chemistry,front
/ALL_IMG_DATA/chemistry_front/chem_fr_0005.jpeg,chemistry,front
/ALL_IMG_DATA/chemistry_front/chem_fr_0004.jpeg,chemistry,front
/ALL_IMG_DATA/chemistry_front/chem_fr_0003.jpeg,chemistry,front
/ALL_IMG_DATA/chemistry_front/chem_fr_0002.jpeg,chemistry,front
/ALL_IMG_DATA/chemistry_front/chem_fr_0001.jpg,chemistry,front
/ALL_IMG_DATA/chemistry_right/chemright00035.jpeg,chemistry,right
/ALL_IMG_DATA/chemistry_right/chemright00036.jpeg,chemistry,right
/ALL_IMG_DATA/chemistry_right/chemright00034.jpeg,chemistry,right
/ALL_IMG_DATA/chemistry_right/chemright00042.jpeg,chemistry,right
/ALL_IMG_DATA/chemistry_right/chemright00039.jpeg,chemistry,right
/ALL_IMG_DATA/chemistry_right/chemright00038.jpeg,chemistry,right
/ALL_IMG_DATA/chemistry_right/chemright00047.jpeg,chemistry,right
/ALL_IMG_DATA/chemistry_right/chemright00051.jpeg,chemistry,right
/ALL_IMG_DATA/chemistry_right/chemright00048.jpeg,chemistry,right
/ALL_IMG_DATA/chemistry_right/chemright00050.jpeg,chemistry,right
/ALL_IMG_DATA/chemistry_right/chemright00043.jpeg,chemistry,right
/ALL_IMG_DATA/chemistry_right/chemright00045.jpeg,chemistry,right
/ALL_IMG_DATA/chemistry_right/chemright00049.jpeg,chemistry,right
/ALL_IMG_DATA/chemistry_right/chemright00052.jpeg,chemistry,right
/ALL_IMG_DATA/chemistry_right/chemright00026.jpeg,chemistry,right
/ALL_IMG_DATA/chemistry_right/chemright00028.jpeg,chemistry,right
/ALL_IMG_DATA/chemistry_right/chemright00025.jpeg,chemistry,right
/ALL_IMG_DATA/chemistry_right/chemright00032.jpeg,chemistry,right
/ALL_IMG_DATA/chemistry_right/chemright00030.jpeg,chemistry,right
/ALL_IMG_DATA/chemistry_right/chemright00029.jpeg,chemistry,right
/ALL_IMG_DATA/chemistry_right/chemright00031.jpeg,chemistry,right
/ALL_IMG_DATA/chemistry_right/chemright00014.jpeg,chemistry,right
/ALL_IMG_DATA/chemistry_right/chemright00016.jpeg,chemistry,right
/ALL_IMG_DATA/chemistry_right/chemright0005.jpeg,chemistry,right
/ALL_IMG_DATA/chemistry_right/chemright00015.jpeg,chemistry,right
/ALL_IMG_DATA/chemistry_right/chemright00017.jpeg,chemistry,right
/ALL_IMG_DATA/chemistry_right/chemright00018.jpeg,chemistry,right
/ALL_IMG_DATA/chemistry_right/chemright0004.jpeg,chemistry,right
/ALL_IMG_DATA/chemistry_right/chemright0003.jpeg,chemistry,right
/ALL_IMG_DATA/chemistry_right/chemright0002.jpeg,chemistry,right
/ALL_IMG_DATA/chemistry_right/chemright0001.jpeg,chemistry,right
/ALL_IMG_DATA/chemistry_right/chemright0009.jpeg,chemistry,right
/ALL_IMG_DATA/chemistry_right/chemright0007.jpeg,chemistry,right
/ALL_IMG_DATA/chemistry_right/chemright0006.jpeg,chemistry,right
/ALL_IMG_DATA/chemistry_right/chemright00022.jpeg,chemistry,right
/ALL_IMG_DATA/chemistry_right/chemright00020.jpeg,chemistry,right
/ALL_IMG_DATA/chemistry_right/chemright00019.jpeg,chemistry,right
/ALL_IMG_DATA/chemistry_left/frame_0006.jpg,chemistry,left
/ALL_IMG_DATA/chemistry_left/frame_0074.jpg,chemistry,left
/ALL_IMG_DATA/chemistry_left/frame_0002.jpg,chemistry,left
/ALL_IMG_DATA/chemistry_left/chem_001.jpg,chemistry,left
/ALL_IMG_DATA/chemistry_left/frame_0097.jpg,chemistry,left
/ALL_IMG_DATA/chemistry_left/frame_0098.jpg,chemistry,left
/ALL_IMG_DATA/chemistry_left/frame_0053.jpg,chemistry,left
/ALL_IMG_DATA/chemistry_left/chemleft_0008.jpeg,chemistry,left
/ALL_IMG_DATA/chemistry_left/chemleft_0004.jpeg,chemistry,left
/ALL_IMG_DATA/chemistry_left/chemleft_0005.jpeg,chemistry,left
/ALL_IMG_DATA/chemistry_left/chemleft_00010.jpeg,chemistry,left
/ALL_IMG_DATA/chemistry_left/chemleft_0003.jpeg,chemistry,left
/ALL_IMG_DATA/chemistry_left/chemleft_0007.jpeg,chemistry,left
/ALL_IMG_DATA/chemistry_left/chemleft_0002.jpeg,chemistry,left
/ALL_IMG_DATA/chemistry_left/chemleft_0001.jpeg,chemistry,left
/ALL_IMG_DATA/chemistry_left/chemleft_0009.jpeg,chemistry,left
/ALL_IMG_DATA/chemistry_left/chemleft_0006.jpeg,chemistry,left
/ALL_IMG_DATA/chemistry_left/chemleft_00011.jpeg,chemistry,left
/ALL_IMG_DATA/chemistry_left/chemleft_00013.jpeg,chemistry,left
/ALL_IMG_DATA/chemistry_left/chemleft_00015.jpeg,chemistry,left
/ALL_IMG_DATA/chemistry_left/chemleft_00016.jpeg,chemistry,left
/ALL_IMG_DATA/chemistry_left/chemleft_00017.jpeg,chemistry,left
/ALL_IMG_DATA/chemistry_left/chemleft_00018.jpeg,chemistry,left
/ALL_IMG_DATA/chemistry_left/chemleft_00012.jpeg,chemistry,left
/ALL_IMG_DATA/chemistry_left/chemleft_00019.jpeg,chemistry,left
/ALL_IMG_DATA/chemistry_left/chemleft_00014.jpeg,chemistry,left
/ALL_IMG_DATA/chemistry_left/chemleft_00020.jpeg,chemistry,left
/ALL_IMG_DATA/chemistry_left/chemleft_00021.jpeg,chemistry,left
/ALL_IMG_DATA/chemistry_left/chemleft_00022.jpeg,chemistry,left
/ALL_IMG_DATA/chemistry_left/chemleft_00023.jpeg,chemistry,left
/ALL_IMG_DATA/chemistry_left/chemleft_00024.jpeg,chemistry,left
/ALL_IMG_DATA/chemistry_left/chemleft_00025.jpeg,chemistry,left
/ALL_IMG_DATA/chemistry_left/chemleft_00026.jpeg,chemistry,left
/ALL_IMG_DATA/chemistry_left/chemleft_00027.jpeg,chemistry,left
/ALL_IMG_DATA/chemistry_left/images (2).jpeg,chemistry,left
